ticker,1,2,3,4,5,6,7,8
PLTR,GuruFocus.com,Yahoo Finance Video,Motley Fool,Investor's Business Daily,Motley Fool,Motley Fool,TipRanks,Simply Wall St.
TLRY,Motley Fool,Insider Monkey,Yahoo Finance,Motley Fool,Motley Fool,Motley Fool,GlobeNewswire,Insider Monkey
TSLA,Observer,Yahoo Finance Video,American City Business Journals,Investor's Business Daily,Reuters,TheStreet.com,Investor's Business Daily,Barrons.com
LCID,Yahoo Finance Video,The Wall Street Journal,The Wall Street Journal,Yahoo Finance,Yahoo Finance Video,PR Newswire,Barrons.com,Yahoo Finance Video
AAPL,GuruFocus.com,Yahoo Finance Video,Investor's Business Daily,Investopedia,Barrons.com,Motley Fool,GOBankingRates,Benzinga
NIO,The Wall Street Journal,Yahoo Finance Video,Zacks,Reuters,Motley Fool,Benzinga,Bloomberg,Motley Fool
AMD,GuruFocus.com,GuruFocus.com,Motley Fool,Motley Fool,Investor's Business Daily,Insider Monkey,Simply Wall St.,Motley Fool
AMZN,GuruFocus.com,Insider Monkey,Reuters,Yahoo Finance Video,Bloomberg,GuruFocus.com,FreightWaves,Yahoo Finance
RIVN,Investor's Business Daily,Yahoo Finance Video,Motley Fool,Motley Fool,Motley Fool,Motley Fool,Motley Fool,Barrons.com
F,The Wall Street Journal,Yahoo Finance Video,Fox Business,Investor's Business Daily,Investopedia,Yahoo Finance Video,Benzinga,AP Finance
BAC,Yahoo Finance Video,Bloomberg,Yahoo Finance,GOBankingRates,Simply Wall St.,Zacks,Simply Wall St.,Motley Fool
T,Zacks,Investor's Business Daily,Motley Fool,Motley Fool,Motley Fool,Investor's Business Daily,GOBankingRates,Insider Monkey
MPW,GuruFocus.com,Motley Fool,Motley Fool,Benzinga,The Fly,Motley Fool,Zacks,Motley Fool
NVDA,GuruFocus.com,Benzinga,GuruFocus.com,GuruFocus.com,Reuters,Investopedia,TheStreet.com,Kiplinger
AMC,Insider Monkey,Investor's Business Daily,The Wall Street Journal,Barrons.com,The Wall Street Journal,Reuters,Investopedia,Fox Business
INTC,Reuters,Barrons.com,Business Wire,Business Wire,Motley Fool,Motley Fool,Business Wire,Yahoo Finance Video
ITUB,Zacks,Insider Monkey,Zacks,Bloomberg,Zacks,AP Finance,PR Newswire,Reuters
JNJ,Barrons.com,Bloomberg,Motley Fool,Motley Fool,Zacks,Zacks,Yahoo Finance Video,Simply Wall St.
VALE,Bloomberg,Reuters,InvestorPlace,Bloomberg,Insider Monkey,Insider Monkey,Bloomberg,Bloomberg
SOFI,Investor's Business Daily,Motley Fool,Motley Fool,Motley Fool,Motley Fool,Motley Fool,Motley Fool,Motley Fool
MARA,GlobeNewswire,InvestorPlace,GlobeNewswire,GlobeNewswire,InvestorPlace,InvestorPlace,InvestorPlace,InvestorPlace
DDOG,Investor's Business Daily,Motley Fool,Zacks,The Fly,Investing.com,Investor's Business Daily,Investor's Business Daily,Motley Fool
LYG,The Telegraph,Reuters,Insider Monkey,The Telegraph,The Telegraph,Reuters,The Wall Street Journal,Zacks
DISH,The Wall Street Journal,Investor's Business Daily,American City Business Journals,The Wall Street Journal,Motley Fool,Investor's Business Daily,Investing.com,Bloomberg
AAL,Insider Monkey,Skift,Zacks,Fortune,Insider Monkey,Zacks,Zacks,Investopedia
OPEN,GOBankingRates,Motley Fool,Simply Wall St.,Insider Monkey,Barrons.com,Motley Fool,Thomson Reuters StreetEvents,Zacks
SWN,InvestorPlace,Thomson Reuters StreetEvents,Zacks,Zacks,Zacks,AP Finance,Business Wire,Zacks
PFE,Reuters,Reuters,Business Wire,Barrons.com,Argus Research,Argus Research,Reuters,Insider Monkey
HPE,Zacks,Zacks,Zacks,GuruFocus.com,Zacks,American City Business Journals,Reuters,Barrons.com
JBLU,Financial Times,Reuters,Reuters,TheStreet.com,TheStreet.com,Simply Wall St.,TheStreet.com,Zacks
